Access URL;Time To Process(ms);Has JSON Errors;Expected Classes;actual_classes;actual_classes_instances;classes_inc_tr_cnt;Expected Properties;actual_properties;actual_prop_triples;actual_prop_data_triples;Expected Triples;Output File;API Call Query;ERROR MSG
https://api.druid.datalegend.net/datasets/IISG-DA/Collectie-Interviews-Wim-Kok-deel-2/sparql;2750;True;0;0;0;0;6;6;9774;8145;9774;https_api_druid_datalegend_net_datasets_IISG-DA_Collectie-Interviews-Wim-Kok-deel-2_sparql;http://localhost:8080/schema-extractor-rest/v2/endpoint/buildFullSchema?calculateSubClassRelations=True&calculateMultipleInheritanceSuperclasses=True&calculatePropertyPropertyRelations=True&calculateSourceAndTargetPairs=True&calculateDomainsAndRanges=True&calculateImportanceIndexes=True&calculateClosedClassSets=False&calculateCardinalitiesMode=propertyLevelOnly&calculateDataTypes=propertyLevelOnly&sampleLimitForDataTypeCalculation=100000&checkInstanceNamespaces=False&addedLabels=rdfs%3Alabel&minimalAnalyzedClassSize=1&addIntersectionClasses=no&exactCountCalculations=no&excludedNamespaces=http%3A%2F%2Fwww.openlinksw.com%2Fschemas%2Fvirtrdf%23&maxInstanceLimitForExactCount=10000000&enableLogging=True&saveThisConfig=True&endpointUrl=https://api.druid.datalegend.net/datasets/IISG-DA/Collectie-Interviews-Wim-Kok-deel-2/sparql;NULL
https://lipidmaps.org/sparql;28530;True;1;1;48550;0;10;10;457871;325768;457751;https_lipidmaps_org_sparql;http://localhost:8080/schema-extractor-rest/v2/endpoint/buildFullSchema?calculateSubClassRelations=True&calculateMultipleInheritanceSuperclasses=True&calculatePropertyPropertyRelations=True&calculateSourceAndTargetPairs=True&calculateDomainsAndRanges=True&calculateImportanceIndexes=True&calculateClosedClassSets=False&calculateCardinalitiesMode=propertyLevelOnly&calculateDataTypes=propertyLevelOnly&sampleLimitForDataTypeCalculation=100000&checkInstanceNamespaces=False&addedLabels=rdfs%3Alabel&minimalAnalyzedClassSize=1&addIntersectionClasses=no&exactCountCalculations=no&excludedNamespaces=http%3A%2F%2Fwww.openlinksw.com%2Fschemas%2Fvirtrdf%23&maxInstanceLimitForExactCount=10000000&enableLogging=True&saveThisConfig=True&endpointUrl=https://lipidmaps.org/sparql;NULL
https://api.druid.datalegend.net/datasets/IISG/Images/sparql;8230;True;1;1;17385;0;13;13;235847;140682;235847;https_api_druid_datalegend_net_datasets_IISG_Images_sparql;http://localhost:8080/schema-extractor-rest/v2/endpoint/buildFullSchema?calculateSubClassRelations=True&calculateMultipleInheritanceSuperclasses=True&calculatePropertyPropertyRelations=True&calculateSourceAndTargetPairs=True&calculateDomainsAndRanges=True&calculateImportanceIndexes=True&calculateClosedClassSets=False&calculateCardinalitiesMode=propertyLevelOnly&calculateDataTypes=propertyLevelOnly&sampleLimitForDataTypeCalculation=100000&checkInstanceNamespaces=False&addedLabels=rdfs%3Alabel&minimalAnalyzedClassSize=1&addIntersectionClasses=no&exactCountCalculations=no&excludedNamespaces=http%3A%2F%2Fwww.openlinksw.com%2Fschemas%2Fvirtrdf%23&maxInstanceLimitForExactCount=10000000&enableLogging=True&saveThisConfig=True&endpointUrl=https://api.druid.datalegend.net/datasets/IISG/Images/sparql;NULL
https://idsm.elixir-czech.cz/sparql/endpoint/chebi;10400;True;1;1;186474;186474;6;6;1118844;372948;1117182;https_idsm_elixir-czech_cz_sparql_endpoint_chebi;http://localhost:8080/schema-extractor-rest/v2/endpoint/buildFullSchema?calculateSubClassRelations=True&calculateMultipleInheritanceSuperclasses=True&calculatePropertyPropertyRelations=True&calculateSourceAndTargetPairs=True&calculateDomainsAndRanges=True&calculateImportanceIndexes=True&calculateClosedClassSets=False&calculateCardinalitiesMode=propertyLevelOnly&calculateDataTypes=propertyLevelOnly&sampleLimitForDataTypeCalculation=100000&checkInstanceNamespaces=False&addedLabels=rdfs%3Alabel&minimalAnalyzedClassSize=1&addIntersectionClasses=no&exactCountCalculations=no&excludedNamespaces=http%3A%2F%2Fwww.openlinksw.com%2Fschemas%2Fvirtrdf%23&maxInstanceLimitForExactCount=10000000&enableLogging=True&saveThisConfig=True&endpointUrl=https://idsm.elixir-czech.cz/sparql/endpoint/chebi;NULL
https://api.druid.datalegend.net/datasets/MiconSchorsij/thesaurus/sparql;15410;True;2;2;1156;4874;24;24;12454;3388;12454;https_api_druid_datalegend_net_datasets_MiconSchorsij_thesaurus_sparql;http://localhost:8080/schema-extractor-rest/v2/endpoint/buildFullSchema?calculateSubClassRelations=True&calculateMultipleInheritanceSuperclasses=True&calculatePropertyPropertyRelations=True&calculateSourceAndTargetPairs=True&calculateDomainsAndRanges=True&calculateImportanceIndexes=True&calculateClosedClassSets=False&calculateCardinalitiesMode=propertyLevelOnly&calculateDataTypes=propertyLevelOnly&sampleLimitForDataTypeCalculation=100000&checkInstanceNamespaces=False&addedLabels=rdfs%3Alabel&minimalAnalyzedClassSize=1&addIntersectionClasses=no&exactCountCalculations=no&excludedNamespaces=http%3A%2F%2Fwww.openlinksw.com%2Fschemas%2Fvirtrdf%23&maxInstanceLimitForExactCount=10000000&enableLogging=True&saveThisConfig=True&endpointUrl=https://api.druid.datalegend.net/datasets/MiconSchorsij/thesaurus/sparql;NULL
https://relate.racai.ro/datasets/simonero/query;71050;True;2;2;126494;263822;13;13;1396182;1005866;1396182;https_relate_racai_ro_datasets_simonero_query;http://localhost:8080/schema-extractor-rest/v2/endpoint/buildFullSchema?calculateSubClassRelations=True&calculateMultipleInheritanceSuperclasses=True&calculatePropertyPropertyRelations=True&calculateSourceAndTargetPairs=True&calculateDomainsAndRanges=True&calculateImportanceIndexes=True&calculateClosedClassSets=False&calculateCardinalitiesMode=propertyLevelOnly&calculateDataTypes=propertyLevelOnly&sampleLimitForDataTypeCalculation=100000&checkInstanceNamespaces=False&addedLabels=rdfs%3Alabel&minimalAnalyzedClassSize=1&addIntersectionClasses=no&exactCountCalculations=no&excludedNamespaces=http%3A%2F%2Fwww.openlinksw.com%2Fschemas%2Fvirtrdf%23&maxInstanceLimitForExactCount=10000000&enableLogging=True&saveThisConfig=True&endpointUrl=https://relate.racai.ro/datasets/simonero/query;NULL
https://relate.racai.ro/datasets/rolex/query;98420;True;3;3;378705;347391;17;17;2501217;1701208;2501217;https_relate_racai_ro_datasets_rolex_query;http://localhost:8080/schema-extractor-rest/v2/endpoint/buildFullSchema?calculateSubClassRelations=True&calculateMultipleInheritanceSuperclasses=True&calculatePropertyPropertyRelations=True&calculateSourceAndTargetPairs=True&calculateDomainsAndRanges=True&calculateImportanceIndexes=True&calculateClosedClassSets=False&calculateCardinalitiesMode=propertyLevelOnly&calculateDataTypes=propertyLevelOnly&sampleLimitForDataTypeCalculation=100000&checkInstanceNamespaces=False&addedLabels=rdfs%3Alabel&minimalAnalyzedClassSize=1&addIntersectionClasses=no&exactCountCalculations=no&excludedNamespaces=http%3A%2F%2Fwww.openlinksw.com%2Fschemas%2Fvirtrdf%23&maxInstanceLimitForExactCount=10000000&enableLogging=True&saveThisConfig=True&endpointUrl=https://relate.racai.ro/datasets/rolex/query;NULL
https://zbw.eu/beta/sparql/stwv/query;6500;True;4;4;73;72;7;7;218;2;218;https_zbw_eu_beta_sparql_stwv_query;http://localhost:8080/schema-extractor-rest/v2/endpoint/buildFullSchema?calculateSubClassRelations=True&calculateMultipleInheritanceSuperclasses=True&calculatePropertyPropertyRelations=True&calculateSourceAndTargetPairs=True&calculateDomainsAndRanges=True&calculateImportanceIndexes=True&calculateClosedClassSets=False&calculateCardinalitiesMode=propertyLevelOnly&calculateDataTypes=propertyLevelOnly&sampleLimitForDataTypeCalculation=100000&checkInstanceNamespaces=False&addedLabels=rdfs%3Alabel&minimalAnalyzedClassSize=1&addIntersectionClasses=no&exactCountCalculations=no&excludedNamespaces=http%3A%2F%2Fwww.openlinksw.com%2Fschemas%2Fvirtrdf%23&maxInstanceLimitForExactCount=10000000&enableLogging=True&saveThisConfig=True&endpointUrl=https://zbw.eu/beta/sparql/stwv/query;NULL
https://api.druid.datalegend.net/datasets/AdamNet/Geography/sparql;19180;True;4;4;16342;470;22;22;153975;81479;153975;https_api_druid_datalegend_net_datasets_AdamNet_Geography_sparql;http://localhost:8080/schema-extractor-rest/v2/endpoint/buildFullSchema?calculateSubClassRelations=True&calculateMultipleInheritanceSuperclasses=True&calculatePropertyPropertyRelations=True&calculateSourceAndTargetPairs=True&calculateDomainsAndRanges=True&calculateImportanceIndexes=True&calculateClosedClassSets=False&calculateCardinalitiesMode=propertyLevelOnly&calculateDataTypes=propertyLevelOnly&sampleLimitForDataTypeCalculation=100000&checkInstanceNamespaces=False&addedLabels=rdfs%3Alabel&minimalAnalyzedClassSize=1&addIntersectionClasses=no&exactCountCalculations=no&excludedNamespaces=http%3A%2F%2Fwww.openlinksw.com%2Fschemas%2Fvirtrdf%23&maxInstanceLimitForExactCount=10000000&enableLogging=True&saveThisConfig=True&endpointUrl=https://api.druid.datalegend.net/datasets/AdamNet/Geography/sparql;NULL
https://api.druid.datalegend.net/datasets/ESTA-DEMO/esta-demo-viz/sparql;31680;True;4;4;8;6;59;59;937;702;937;https_api_druid_datalegend_net_datasets_ESTA-DEMO_esta-demo-viz_sparql;http://localhost:8080/schema-extractor-rest/v2/endpoint/buildFullSchema?calculateSubClassRelations=True&calculateMultipleInheritanceSuperclasses=True&calculatePropertyPropertyRelations=True&calculateSourceAndTargetPairs=True&calculateDomainsAndRanges=True&calculateImportanceIndexes=True&calculateClosedClassSets=False&calculateCardinalitiesMode=propertyLevelOnly&calculateDataTypes=propertyLevelOnly&sampleLimitForDataTypeCalculation=100000&checkInstanceNamespaces=False&addedLabels=rdfs%3Alabel&minimalAnalyzedClassSize=1&addIntersectionClasses=no&exactCountCalculations=no&excludedNamespaces=http%3A%2F%2Fwww.openlinksw.com%2Fschemas%2Fvirtrdf%23&maxInstanceLimitForExactCount=10000000&enableLogging=True&saveThisConfig=True&endpointUrl=https://api.druid.datalegend.net/datasets/ESTA-DEMO/esta-demo-viz/sparql;NULL
https://query.wikidata.org/bigdata/namespace/dcatap/sparql;56600;True;5;5;15;17;24;24;646;526;646;https_query_wikidata_org_bigdata_namespace_dcatap_sparql;http://localhost:8080/schema-extractor-rest/v2/endpoint/buildFullSchema?calculateSubClassRelations=True&calculateMultipleInheritanceSuperclasses=True&calculatePropertyPropertyRelations=True&calculateSourceAndTargetPairs=True&calculateDomainsAndRanges=True&calculateImportanceIndexes=True&calculateClosedClassSets=False&calculateCardinalitiesMode=propertyLevelOnly&calculateDataTypes=propertyLevelOnly&sampleLimitForDataTypeCalculation=100000&checkInstanceNamespaces=False&addedLabels=rdfs%3Alabel&minimalAnalyzedClassSize=1&addIntersectionClasses=no&exactCountCalculations=no&excludedNamespaces=http%3A%2F%2Fwww.openlinksw.com%2Fschemas%2Fvirtrdf%23&maxInstanceLimitForExactCount=10000000&enableLogging=True&saveThisConfig=True&endpointUrl=https://query.wikidata.org/bigdata/namespace/dcatap/sparql;NULL
https://api.druid.datalegend.net/datasets/IISG-DA/ORCID-data/sparql;13950;True;5;5;1943;1972;17;17;7252;3231;7252;https_api_druid_datalegend_net_datasets_IISG-DA_ORCID-data_sparql;http://localhost:8080/schema-extractor-rest/v2/endpoint/buildFullSchema?calculateSubClassRelations=True&calculateMultipleInheritanceSuperclasses=True&calculatePropertyPropertyRelations=True&calculateSourceAndTargetPairs=True&calculateDomainsAndRanges=True&calculateImportanceIndexes=True&calculateClosedClassSets=False&calculateCardinalitiesMode=propertyLevelOnly&calculateDataTypes=propertyLevelOnly&sampleLimitForDataTypeCalculation=100000&checkInstanceNamespaces=False&addedLabels=rdfs%3Alabel&minimalAnalyzedClassSize=1&addIntersectionClasses=no&exactCountCalculations=no&excludedNamespaces=http%3A%2F%2Fwww.openlinksw.com%2Fschemas%2Fvirtrdf%23&maxInstanceLimitForExactCount=10000000&enableLogging=True&saveThisConfig=True&endpointUrl=https://api.druid.datalegend.net/datasets/IISG-DA/ORCID-data/sparql;NULL
https://api.druid.datalegend.net/datasets/MiconSchorsij/OnTheWaterfront/sparql;8980;True;5;5;1245;2591;11;11;5017;2410;5017;https_api_druid_datalegend_net_datasets_MiconSchorsij_OnTheWaterfront_sparql;http://localhost:8080/schema-extractor-rest/v2/endpoint/buildFullSchema?calculateSubClassRelations=True&calculateMultipleInheritanceSuperclasses=True&calculatePropertyPropertyRelations=True&calculateSourceAndTargetPairs=True&calculateDomainsAndRanges=True&calculateImportanceIndexes=True&calculateClosedClassSets=False&calculateCardinalitiesMode=propertyLevelOnly&calculateDataTypes=propertyLevelOnly&sampleLimitForDataTypeCalculation=100000&checkInstanceNamespaces=False&addedLabels=rdfs%3Alabel&minimalAnalyzedClassSize=1&addIntersectionClasses=no&exactCountCalculations=no&excludedNamespaces=http%3A%2F%2Fwww.openlinksw.com%2Fschemas%2Fvirtrdf%23&maxInstanceLimitForExactCount=10000000&enableLogging=True&saveThisConfig=True&endpointUrl=https://api.druid.datalegend.net/datasets/MiconSchorsij/OnTheWaterfront/sparql;NULL
https://api.druid.datalegend.net/datasets/RubenS/marc21/sparql;22560;True;5;5;53;3;40;40;1051;460;1051;https_api_druid_datalegend_net_datasets_RubenS_marc21_sparql;http://localhost:8080/schema-extractor-rest/v2/endpoint/buildFullSchema?calculateSubClassRelations=True&calculateMultipleInheritanceSuperclasses=True&calculatePropertyPropertyRelations=True&calculateSourceAndTargetPairs=True&calculateDomainsAndRanges=True&calculateImportanceIndexes=True&calculateClosedClassSets=False&calculateCardinalitiesMode=propertyLevelOnly&calculateDataTypes=propertyLevelOnly&sampleLimitForDataTypeCalculation=100000&checkInstanceNamespaces=False&addedLabels=rdfs%3Alabel&minimalAnalyzedClassSize=1&addIntersectionClasses=no&exactCountCalculations=no&excludedNamespaces=http%3A%2F%2Fwww.openlinksw.com%2Fschemas%2Fvirtrdf%23&maxInstanceLimitForExactCount=10000000&enableLogging=True&saveThisConfig=True&endpointUrl=https://api.druid.datalegend.net/datasets/RubenS/marc21/sparql;NULL
https://api.druid.datalegend.net/datasets/nlgis/gemeentegeschiedenis/sparql;22130;True;5;5;2851;15325;30;30;47368;17870;47368;https_api_druid_datalegend_net_datasets_nlgis_gemeentegeschiedenis_sparql;http://localhost:8080/schema-extractor-rest/v2/endpoint/buildFullSchema?calculateSubClassRelations=True&calculateMultipleInheritanceSuperclasses=True&calculatePropertyPropertyRelations=True&calculateSourceAndTargetPairs=True&calculateDomainsAndRanges=True&calculateImportanceIndexes=True&calculateClosedClassSets=False&calculateCardinalitiesMode=propertyLevelOnly&calculateDataTypes=propertyLevelOnly&sampleLimitForDataTypeCalculation=100000&checkInstanceNamespaces=False&addedLabels=rdfs%3Alabel&minimalAnalyzedClassSize=1&addIntersectionClasses=no&exactCountCalculations=no&excludedNamespaces=http%3A%2F%2Fwww.openlinksw.com%2Fschemas%2Fvirtrdf%23&maxInstanceLimitForExactCount=10000000&enableLogging=True&saveThisConfig=True&endpointUrl=https://api.druid.datalegend.net/datasets/nlgis/gemeentegeschiedenis/sparql;NULL
https://stirdata-semantic.ails.ece.ntua.gr/api/content/cy/sparql;408060;True;6;6;1216058;1951833;28;28;7141731;3452751;7141731;https_stirdata-semantic_ails_ece_ntua_gr_api_content_cy_sparql;http://localhost:8080/schema-extractor-rest/v2/endpoint/buildFullSchema?calculateSubClassRelations=True&calculateMultipleInheritanceSuperclasses=True&calculatePropertyPropertyRelations=True&calculateSourceAndTargetPairs=True&calculateDomainsAndRanges=True&calculateImportanceIndexes=True&calculateClosedClassSets=False&calculateCardinalitiesMode=propertyLevelOnly&calculateDataTypes=propertyLevelOnly&sampleLimitForDataTypeCalculation=100000&checkInstanceNamespaces=False&addedLabels=rdfs%3Alabel&minimalAnalyzedClassSize=1&addIntersectionClasses=no&exactCountCalculations=no&excludedNamespaces=http%3A%2F%2Fwww.openlinksw.com%2Fschemas%2Fvirtrdf%23&maxInstanceLimitForExactCount=10000000&enableLogging=True&saveThisConfig=True&endpointUrl=https://stirdata-semantic.ails.ece.ntua.gr/api/content/cy/sparql;NULL
https://api.druid.datalegend.net/datasets/nlgis/cshapes/sparql;27080;True;6;6;1106;939;39;39;6006;3855;6006;https_api_druid_datalegend_net_datasets_nlgis_cshapes_sparql;http://localhost:8080/schema-extractor-rest/v2/endpoint/buildFullSchema?calculateSubClassRelations=True&calculateMultipleInheritanceSuperclasses=True&calculatePropertyPropertyRelations=True&calculateSourceAndTargetPairs=True&calculateDomainsAndRanges=True&calculateImportanceIndexes=True&calculateClosedClassSets=False&calculateCardinalitiesMode=propertyLevelOnly&calculateDataTypes=propertyLevelOnly&sampleLimitForDataTypeCalculation=100000&checkInstanceNamespaces=False&addedLabels=rdfs%3Alabel&minimalAnalyzedClassSize=1&addIntersectionClasses=no&exactCountCalculations=no&excludedNamespaces=http%3A%2F%2Fwww.openlinksw.com%2Fschemas%2Fvirtrdf%23&maxInstanceLimitForExactCount=10000000&enableLogging=True&saveThisConfig=True&endpointUrl=https://api.druid.datalegend.net/datasets/nlgis/cshapes/sparql;NULL
http://147.100.179.235:8082/blazegraph/namespace/AnaEE_sites/sparql;32439;True;7;7;894;608;20;20;5014;3480;5014;http_147_100_179_2358082_blazegraph_namespace_AnaEE_sites_sparql;http://localhost:8080/schema-extractor-rest/v2/endpoint/buildFullSchema?calculateSubClassRelations=True&calculateMultipleInheritanceSuperclasses=True&calculatePropertyPropertyRelations=True&calculateSourceAndTargetPairs=True&calculateDomainsAndRanges=True&calculateImportanceIndexes=True&calculateClosedClassSets=False&calculateCardinalitiesMode=propertyLevelOnly&calculateDataTypes=propertyLevelOnly&sampleLimitForDataTypeCalculation=100000&checkInstanceNamespaces=False&addedLabels=rdfs%3Alabel&minimalAnalyzedClassSize=1&addIntersectionClasses=no&exactCountCalculations=no&excludedNamespaces=http%3A%2F%2Fwww.openlinksw.com%2Fschemas%2Fvirtrdf%23&maxInstanceLimitForExactCount=10000000&enableLogging=True&saveThisConfig=True&endpointUrl=http://147.100.179.235:8082/blazegraph/namespace/AnaEE_sites/sparql;NULL
http://vocabs.ands.org.au/repository/api/sparql/anzsrc-for;248540;True;7;7;2921;19485;15;15;12578;2836;12578;http_vocabs_ands_org_au_repository_api_sparql_anzsrc-for;http://localhost:8080/schema-extractor-rest/v2/endpoint/buildFullSchema?calculateSubClassRelations=True&calculateMultipleInheritanceSuperclasses=True&calculatePropertyPropertyRelations=True&calculateSourceAndTargetPairs=True&calculateDomainsAndRanges=True&calculateImportanceIndexes=True&calculateClosedClassSets=False&calculateCardinalitiesMode=propertyLevelOnly&calculateDataTypes=propertyLevelOnly&sampleLimitForDataTypeCalculation=100000&checkInstanceNamespaces=False&addedLabels=rdfs%3Alabel&minimalAnalyzedClassSize=1&addIntersectionClasses=no&exactCountCalculations=no&excludedNamespaces=http%3A%2F%2Fwww.openlinksw.com%2Fschemas%2Fvirtrdf%23&maxInstanceLimitForExactCount=10000000&enableLogging=True&saveThisConfig=True&endpointUrl=http://vocabs.ands.org.au/repository/api/sparql/anzsrc-for;NULL
https://zbw.eu/beta/sparql/pm20/query;149280;True;8;8;134825;1225;60;60;1487473;1192830;1487473;https_zbw_eu_beta_sparql_pm20_query;http://localhost:8080/schema-extractor-rest/v2/endpoint/buildFullSchema?calculateSubClassRelations=True&calculateMultipleInheritanceSuperclasses=True&calculatePropertyPropertyRelations=True&calculateSourceAndTargetPairs=True&calculateDomainsAndRanges=True&calculateImportanceIndexes=True&calculateClosedClassSets=False&calculateCardinalitiesMode=propertyLevelOnly&calculateDataTypes=propertyLevelOnly&sampleLimitForDataTypeCalculation=100000&checkInstanceNamespaces=False&addedLabels=rdfs%3Alabel&minimalAnalyzedClassSize=1&addIntersectionClasses=no&exactCountCalculations=no&excludedNamespaces=http%3A%2F%2Fwww.openlinksw.com%2Fschemas%2Fvirtrdf%23&maxInstanceLimitForExactCount=10000000&enableLogging=True&saveThisConfig=True&endpointUrl=https://zbw.eu/beta/sparql/pm20/query;NULL
http://vocabs.ardc.edu.au/repository/api/sparql/aas_the-unified-astronomy-thesaurus_4-0-1;407900;True;8;8;4477;23953;29;29;18805;6829;18805;http_vocabs_ardc_edu_au_repository_api_sparql_aas_the-unified-astronomy-thesaurus_4-0-1;http://localhost:8080/schema-extractor-rest/v2/endpoint/buildFullSchema?calculateSubClassRelations=True&calculateMultipleInheritanceSuperclasses=True&calculatePropertyPropertyRelations=True&calculateSourceAndTargetPairs=True&calculateDomainsAndRanges=True&calculateImportanceIndexes=True&calculateClosedClassSets=False&calculateCardinalitiesMode=propertyLevelOnly&calculateDataTypes=propertyLevelOnly&sampleLimitForDataTypeCalculation=100000&checkInstanceNamespaces=False&addedLabels=rdfs%3Alabel&minimalAnalyzedClassSize=1&addIntersectionClasses=no&exactCountCalculations=no&excludedNamespaces=http%3A%2F%2Fwww.openlinksw.com%2Fschemas%2Fvirtrdf%23&maxInstanceLimitForExactCount=10000000&enableLogging=True&saveThisConfig=True&endpointUrl=http://vocabs.ardc.edu.au/repository/api/sparql/aas_the-unified-astronomy-thesaurus_4-0-1;NULL
https://api.druid.datalegend.net/datasets/IISG/sicada/sparql;44880;True;8;8;4144;6944;51;51;28843;20606;28843;https_api_druid_datalegend_net_datasets_IISG_sicada_sparql;http://localhost:8080/schema-extractor-rest/v2/endpoint/buildFullSchema?calculateSubClassRelations=True&calculateMultipleInheritanceSuperclasses=True&calculatePropertyPropertyRelations=True&calculateSourceAndTargetPairs=True&calculateDomainsAndRanges=True&calculateImportanceIndexes=True&calculateClosedClassSets=False&calculateCardinalitiesMode=propertyLevelOnly&calculateDataTypes=propertyLevelOnly&sampleLimitForDataTypeCalculation=100000&checkInstanceNamespaces=False&addedLabels=rdfs%3Alabel&minimalAnalyzedClassSize=1&addIntersectionClasses=no&exactCountCalculations=no&excludedNamespaces=http%3A%2F%2Fwww.openlinksw.com%2Fschemas%2Fvirtrdf%23&maxInstanceLimitForExactCount=10000000&enableLogging=True&saveThisConfig=True&endpointUrl=https://api.druid.datalegend.net/datasets/IISG/sicada/sparql;NULL
https://api.druid.datalegend.net/datasets/nlgis/mint/sparql;25290;True;8;8;1377;1356;36;36;6985;4192;6985;https_api_druid_datalegend_net_datasets_nlgis_mint_sparql;http://localhost:8080/schema-extractor-rest/v2/endpoint/buildFullSchema?calculateSubClassRelations=True&calculateMultipleInheritanceSuperclasses=True&calculatePropertyPropertyRelations=True&calculateSourceAndTargetPairs=True&calculateDomainsAndRanges=True&calculateImportanceIndexes=True&calculateClosedClassSets=False&calculateCardinalitiesMode=propertyLevelOnly&calculateDataTypes=propertyLevelOnly&sampleLimitForDataTypeCalculation=100000&checkInstanceNamespaces=False&addedLabels=rdfs%3Alabel&minimalAnalyzedClassSize=1&addIntersectionClasses=no&exactCountCalculations=no&excludedNamespaces=http%3A%2F%2Fwww.openlinksw.com%2Fschemas%2Fvirtrdf%23&maxInstanceLimitForExactCount=10000000&enableLogging=True&saveThisConfig=True&endpointUrl=https://api.druid.datalegend.net/datasets/nlgis/mint/sparql;NULL
http://vocabs.ands.org.au/repository/api/sparql/ga_geologic-unit-type_v0-1;353150;True;9;9;155;685;23;23;421;79;421;http_vocabs_ands_org_au_repository_api_sparql_ga_geologic-unit-type_v0-1;http://localhost:8080/schema-extractor-rest/v2/endpoint/buildFullSchema?calculateSubClassRelations=True&calculateMultipleInheritanceSuperclasses=True&calculatePropertyPropertyRelations=True&calculateSourceAndTargetPairs=True&calculateDomainsAndRanges=True&calculateImportanceIndexes=True&calculateClosedClassSets=False&calculateCardinalitiesMode=propertyLevelOnly&calculateDataTypes=propertyLevelOnly&sampleLimitForDataTypeCalculation=100000&checkInstanceNamespaces=False&addedLabels=rdfs%3Alabel&minimalAnalyzedClassSize=1&addIntersectionClasses=no&exactCountCalculations=no&excludedNamespaces=http%3A%2F%2Fwww.openlinksw.com%2Fschemas%2Fvirtrdf%23&maxInstanceLimitForExactCount=10000000&enableLogging=True&saveThisConfig=True&endpointUrl=http://vocabs.ands.org.au/repository/api/sparql/ga_geologic-unit-type_v0-1;NULL
https://api.druid.datalegend.net/datasets/IISG/historic-maps/sparql;30830;True;9;9;9716;30527;29;29;79490;26515;79490;https_api_druid_datalegend_net_datasets_IISG_historic-maps_sparql;http://localhost:8080/schema-extractor-rest/v2/endpoint/buildFullSchema?calculateSubClassRelations=True&calculateMultipleInheritanceSuperclasses=True&calculatePropertyPropertyRelations=True&calculateSourceAndTargetPairs=True&calculateDomainsAndRanges=True&calculateImportanceIndexes=True&calculateClosedClassSets=False&calculateCardinalitiesMode=propertyLevelOnly&calculateDataTypes=propertyLevelOnly&sampleLimitForDataTypeCalculation=100000&checkInstanceNamespaces=False&addedLabels=rdfs%3Alabel&minimalAnalyzedClassSize=1&addIntersectionClasses=no&exactCountCalculations=no&excludedNamespaces=http%3A%2F%2Fwww.openlinksw.com%2Fschemas%2Fvirtrdf%23&maxInstanceLimitForExactCount=10000000&enableLogging=True&saveThisConfig=True&endpointUrl=https://api.druid.datalegend.net/datasets/IISG/historic-maps/sparql;NULL
https://api.druid.datalegend.net/datasets/mromanello/hucit/sparql;23490;True;10;10;158514;536086;16;16;799847;165231;799847;https_api_druid_datalegend_net_datasets_mromanello_hucit_sparql;http://localhost:8080/schema-extractor-rest/v2/endpoint/buildFullSchema?calculateSubClassRelations=True&calculateMultipleInheritanceSuperclasses=True&calculatePropertyPropertyRelations=True&calculateSourceAndTargetPairs=True&calculateDomainsAndRanges=True&calculateImportanceIndexes=True&calculateClosedClassSets=False&calculateCardinalitiesMode=propertyLevelOnly&calculateDataTypes=propertyLevelOnly&sampleLimitForDataTypeCalculation=100000&checkInstanceNamespaces=False&addedLabels=rdfs%3Alabel&minimalAnalyzedClassSize=1&addIntersectionClasses=no&exactCountCalculations=no&excludedNamespaces=http%3A%2F%2Fwww.openlinksw.com%2Fschemas%2Fvirtrdf%23&maxInstanceLimitForExactCount=10000000&enableLogging=True&saveThisConfig=True&endpointUrl=https://api.druid.datalegend.net/datasets/mromanello/hucit/sparql;NULL
https://ontology.inrae.fr/frenchcropusage/sparql;83650;True;10;10;1444;5885;60;60;12396;6450;12396;https_ontology_inrae_fr_frenchcropusage_sparql;http://localhost:8080/schema-extractor-rest/v2/endpoint/buildFullSchema?calculateSubClassRelations=True&calculateMultipleInheritanceSuperclasses=True&calculatePropertyPropertyRelations=True&calculateSourceAndTargetPairs=True&calculateDomainsAndRanges=True&calculateImportanceIndexes=True&calculateClosedClassSets=False&calculateCardinalitiesMode=propertyLevelOnly&calculateDataTypes=propertyLevelOnly&sampleLimitForDataTypeCalculation=100000&checkInstanceNamespaces=False&addedLabels=rdfs%3Alabel&minimalAnalyzedClassSize=1&addIntersectionClasses=no&exactCountCalculations=no&excludedNamespaces=http%3A%2F%2Fwww.openlinksw.com%2Fschemas%2Fvirtrdf%23&maxInstanceLimitForExactCount=10000000&enableLogging=True&saveThisConfig=True&endpointUrl=https://ontology.inrae.fr/frenchcropusage/sparql;NULL
https://bittich.be/sparql;63970;True;11;11;49;48;40;40;302;196;302;https_bittich_be_sparql;http://localhost:8080/schema-extractor-rest/v2/endpoint/buildFullSchema?calculateSubClassRelations=True&calculateMultipleInheritanceSuperclasses=True&calculatePropertyPropertyRelations=True&calculateSourceAndTargetPairs=True&calculateDomainsAndRanges=True&calculateImportanceIndexes=True&calculateClosedClassSets=False&calculateCardinalitiesMode=propertyLevelOnly&calculateDataTypes=propertyLevelOnly&sampleLimitForDataTypeCalculation=100000&checkInstanceNamespaces=False&addedLabels=rdfs%3Alabel&minimalAnalyzedClassSize=1&addIntersectionClasses=no&exactCountCalculations=no&excludedNamespaces=http%3A%2F%2Fwww.openlinksw.com%2Fschemas%2Fvirtrdf%23&maxInstanceLimitForExactCount=10000000&enableLogging=True&saveThisConfig=True&endpointUrl=https://bittich.be/sparql;NULL
http://dbtune.org/bbc/peel/sparql;116490;True;11;11;152301;201018;25;25;349720;94159;349720;http_dbtune_org_bbc_peel_sparql;http://localhost:8080/schema-extractor-rest/v2/endpoint/buildFullSchema?calculateSubClassRelations=True&calculateMultipleInheritanceSuperclasses=True&calculatePropertyPropertyRelations=True&calculateSourceAndTargetPairs=True&calculateDomainsAndRanges=True&calculateImportanceIndexes=True&calculateClosedClassSets=False&calculateCardinalitiesMode=propertyLevelOnly&calculateDataTypes=propertyLevelOnly&sampleLimitForDataTypeCalculation=100000&checkInstanceNamespaces=False&addedLabels=rdfs%3Alabel&minimalAnalyzedClassSize=1&addIntersectionClasses=no&exactCountCalculations=no&excludedNamespaces=http%3A%2F%2Fwww.openlinksw.com%2Fschemas%2Fvirtrdf%23&maxInstanceLimitForExactCount=10000000&enableLogging=True&saveThisConfig=True&endpointUrl=http://dbtune.org/bbc/peel/sparql;NULL
https://api.druid.datalegend.net/datasets/HistoryOfWork/HISCO-latest/sparql;34590;True;11;11;3791;6235;40;40;16257;8057;16257;https_api_druid_datalegend_net_datasets_HistoryOfWork_HISCO-latest_sparql;http://localhost:8080/schema-extractor-rest/v2/endpoint/buildFullSchema?calculateSubClassRelations=True&calculateMultipleInheritanceSuperclasses=True&calculatePropertyPropertyRelations=True&calculateSourceAndTargetPairs=True&calculateDomainsAndRanges=True&calculateImportanceIndexes=True&calculateClosedClassSets=False&calculateCardinalitiesMode=propertyLevelOnly&calculateDataTypes=propertyLevelOnly&sampleLimitForDataTypeCalculation=100000&checkInstanceNamespaces=False&addedLabels=rdfs%3Alabel&minimalAnalyzedClassSize=1&addIntersectionClasses=no&exactCountCalculations=no&excludedNamespaces=http%3A%2F%2Fwww.openlinksw.com%2Fschemas%2Fvirtrdf%23&maxInstanceLimitForExactCount=10000000&enableLogging=True&saveThisConfig=True&endpointUrl=https://api.druid.datalegend.net/datasets/HistoryOfWork/HISCO-latest/sparql;NULL
https://hamap.expasy.org/sparql;498350;True;12;12;28779;81799;52;52;3118625;26081;13720;https_hamap_expasy_org_sparql;http://localhost:8080/schema-extractor-rest/v2/endpoint/buildFullSchema?calculateSubClassRelations=True&calculateMultipleInheritanceSuperclasses=True&calculatePropertyPropertyRelations=True&calculateSourceAndTargetPairs=True&calculateDomainsAndRanges=True&calculateImportanceIndexes=True&calculateClosedClassSets=False&calculateCardinalitiesMode=propertyLevelOnly&calculateDataTypes=propertyLevelOnly&sampleLimitForDataTypeCalculation=100000&checkInstanceNamespaces=False&addedLabels=rdfs%3Alabel&minimalAnalyzedClassSize=1&addIntersectionClasses=no&exactCountCalculations=no&excludedNamespaces=http%3A%2F%2Fwww.openlinksw.com%2Fschemas%2Fvirtrdf%23&maxInstanceLimitForExactCount=10000000&enableLogging=True&saveThisConfig=True&endpointUrl=https://hamap.expasy.org/sparql;NULL
https://api.druid.datalegend.net/datasets/dataLegend/strikes/sparql;59660;True;12;12;29083;67093;71;71;334843;227285;334843;https_api_druid_datalegend_net_datasets_dataLegend_strikes_sparql;http://localhost:8080/schema-extractor-rest/v2/endpoint/buildFullSchema?calculateSubClassRelations=True&calculateMultipleInheritanceSuperclasses=True&calculatePropertyPropertyRelations=True&calculateSourceAndTargetPairs=True&calculateDomainsAndRanges=True&calculateImportanceIndexes=True&calculateClosedClassSets=False&calculateCardinalitiesMode=propertyLevelOnly&calculateDataTypes=propertyLevelOnly&sampleLimitForDataTypeCalculation=100000&checkInstanceNamespaces=False&addedLabels=rdfs%3Alabel&minimalAnalyzedClassSize=1&addIntersectionClasses=no&exactCountCalculations=no&excludedNamespaces=http%3A%2F%2Fwww.openlinksw.com%2Fschemas%2Fvirtrdf%23&maxInstanceLimitForExactCount=10000000&enableLogging=True&saveThisConfig=True&endpointUrl=https://api.druid.datalegend.net/datasets/dataLegend/strikes/sparql;NULL
https://opendata.mfcr.cz/lod/sparql;81690;True;13;13;4766;15257;78;78;41297;10966;41297;https_opendata_mfcr_cz_lod_sparql;http://localhost:8080/schema-extractor-rest/v2/endpoint/buildFullSchema?calculateSubClassRelations=True&calculateMultipleInheritanceSuperclasses=True&calculatePropertyPropertyRelations=True&calculateSourceAndTargetPairs=True&calculateDomainsAndRanges=True&calculateImportanceIndexes=True&calculateClosedClassSets=False&calculateCardinalitiesMode=propertyLevelOnly&calculateDataTypes=propertyLevelOnly&sampleLimitForDataTypeCalculation=100000&checkInstanceNamespaces=False&addedLabels=rdfs%3Alabel&minimalAnalyzedClassSize=1&addIntersectionClasses=no&exactCountCalculations=no&excludedNamespaces=http%3A%2F%2Fwww.openlinksw.com%2Fschemas%2Fvirtrdf%23&maxInstanceLimitForExactCount=10000000&enableLogging=True&saveThisConfig=True&endpointUrl=https://opendata.mfcr.cz/lod/sparql;NULL
http://dbtune.org/jamendo/sparql;340000;True;13;13;626242;855902;26;26;1385598;251698;1385598;http_dbtune_org_jamendo_sparql;http://localhost:8080/schema-extractor-rest/v2/endpoint/buildFullSchema?calculateSubClassRelations=True&calculateMultipleInheritanceSuperclasses=True&calculatePropertyPropertyRelations=True&calculateSourceAndTargetPairs=True&calculateDomainsAndRanges=True&calculateImportanceIndexes=True&calculateClosedClassSets=False&calculateCardinalitiesMode=propertyLevelOnly&calculateDataTypes=propertyLevelOnly&sampleLimitForDataTypeCalculation=100000&checkInstanceNamespaces=False&addedLabels=rdfs%3Alabel&minimalAnalyzedClassSize=1&addIntersectionClasses=no&exactCountCalculations=no&excludedNamespaces=http%3A%2F%2Fwww.openlinksw.com%2Fschemas%2Fvirtrdf%23&maxInstanceLimitForExactCount=10000000&enableLogging=True&saveThisConfig=True&endpointUrl=http://dbtune.org/jamendo/sparql;NULL
https://api.druid.datalegend.net/datasets/IISG/VanMeerendonk/sparql;44580;True;13;13;52035;137774;21;21;243505;104666;243505;https_api_druid_datalegend_net_datasets_IISG_VanMeerendonk_sparql;http://localhost:8080/schema-extractor-rest/v2/endpoint/buildFullSchema?calculateSubClassRelations=True&calculateMultipleInheritanceSuperclasses=True&calculatePropertyPropertyRelations=True&calculateSourceAndTargetPairs=True&calculateDomainsAndRanges=True&calculateImportanceIndexes=True&calculateClosedClassSets=False&calculateCardinalitiesMode=propertyLevelOnly&calculateDataTypes=propertyLevelOnly&sampleLimitForDataTypeCalculation=100000&checkInstanceNamespaces=False&addedLabels=rdfs%3Alabel&minimalAnalyzedClassSize=1&addIntersectionClasses=no&exactCountCalculations=no&excludedNamespaces=http%3A%2F%2Fwww.openlinksw.com%2Fschemas%2Fvirtrdf%23&maxInstanceLimitForExactCount=10000000&enableLogging=True&saveThisConfig=True&endpointUrl=https://api.druid.datalegend.net/datasets/IISG/VanMeerendonk/sparql;NULL
